category,url,filename,resolution,width,height,photographer,source
Modern Architecture,https://images.pexels.com/photos/1106476/pexels-photo-1106476.jpeg,965dc5544d45c351f777146f9cbdb1e2.jpg,4000x6000,4000,6000,Mantas Sinkevičius,Pexels API
Modern Architecture,https://images.pexels.com/photos/3172740/pexels-photo-3172740.jpeg,a38c82ef680c202a5976b62b142019a1.jpg,4096x4096,4096,4096,李进,Pexels API
Modern Architecture,https://images.pexels.com/photos/323772/pexels-photo-323772.jpeg,38682dd4d00221daa5fdfd8941c22045.jpg,6000x4000,6000,4000,Expect Best,Pexels API
Modern Architecture,https://images.pexels.com/photos/3023211/pexels-photo-3023211.jpeg,fbe07b0be9776479e97f9e78a23c568c.jpg,3024x4032,3024,4032,Mithul Varshan,Pexels API
Modern Architecture,https://images.pexels.com/photos/1022928/pexels-photo-1022928.jpeg,26627da79bcb1ea26709402160f5385d.jpg,5788x3859,5788,3859,Scott Webb,Pexels API
Modern Architecture,https://images.pexels.com/photos/1974596/pexels-photo-1974596.jpeg,de3759fa3f0875d9bed7ad378a753d6b.jpg,3024x4032,3024,4032,Julia Kuzenkov,Pexels API
Modern Architecture,https://images.pexels.com/photos/1022936/pexels-photo-1022936.jpeg,8fc6e59ca069a6c0cc4d0c7602220b07.jpg,3617x4655,3617,4655,Scott Webb,Pexels API
Modern Architecture,https://images.pexels.com/photos/1029611/pexels-photo-1029611.jpeg,b970edcbf0c1c4312aec59ebcdac43aa.jpg,3847x5583,3847,5583,Scott Webb,Pexels API
Modern Architecture,https://images.pexels.com/photos/992987/pexels-photo-992987.jpeg,155e833025ff3e8e42986b6727770449.jpg,6000x4000,6000,4000,Scott Webb,Pexels API
Modern Architecture,https://images.pexels.com/photos/1029606/pexels-photo-1029606.jpeg,922f7bc8c341c27f6492c4831cc61024.jpg,4253x2825,4253,2825,Scott Webb,Pexels API
Modern Architecture,https://images.pexels.com/photos/534247/pexels-photo-534247.jpeg,b1971b19c8933eb486c9dd041d04feb9.jpg,3456x5184,3456,5184,Pixabay,Pexels API
Modern Architecture,https://images.pexels.com/photos/3312663/pexels-photo-3312663.jpeg,96426c15162f3f524cabfe43f50ffddb.jpg,5731x3978,5731,3978,Rok Romih,Pexels API
Modern Architecture,https://images.pexels.com/photos/158571/architecture-about-building-modern-158571.jpeg,8c294ef331a8f169c5358b7ab3802767.jpg,3726x2495,3726,2495,Pixabay,Pexels API
Modern Architecture,https://images.pexels.com/photos/1749825/pexels-photo-1749825.jpeg,a3d7b1be0210a2498dbeda9837d4ff65.jpg,3078x3040,3078,3040,David Yu,Pexels API
Modern Architecture,https://images.pexels.com/photos/911758/pexels-photo-911758.jpeg,e9bfe7ad5f2a59344608d1117db01069.jpg,6016x4016,6016,4016,gdtography,Pexels API
Modern Architecture,https://images.pexels.com/photos/2276927/pexels-photo-2276927.jpeg,a675424f182f6efb2df2e801c97e7b81.jpg,4381x6540,4381,6540,Todd Trapani,Pexels API
Modern Architecture,https://images.pexels.com/photos/3137056/pexels-photo-3137056.jpeg,5fc8b921bff6e7943f471200ffcea6b6.jpg,6000x4000,6000,4000,Adrien Olichon,Pexels API
Modern Architecture,https://images.pexels.com/photos/2763969/pexels-photo-2763969.jpeg,4e03e986042a877e3f5dceefe60dc341.jpg,4000x6000,4000,6000,Martin  Péchy,Pexels API
Modern Architecture,https://images.pexels.com/photos/940308/pexels-photo-940308.jpeg,65ecc79f91805ca404978d3ce1dffe0d.jpg,3731x2704,3731,2704,Toa Heftiba Şinca,Pexels API
Modern Architecture,https://images.pexels.com/photos/1797418/pexels-photo-1797418.jpeg,e155236c716ff7080eb177906147e311.jpg,6000x4000,6000,4000,Alexander Isreb,Pexels API
Modern Architecture,https://images.pexels.com/photos/1029612/pexels-photo-1029612.jpeg,adc5e41f5dd58e02b93438e06244bcb3.jpg,5785x3857,5785,3857,Scott Webb,Pexels API
Modern Architecture,https://images.pexels.com/photos/3034343/pexels-photo-3034343.jpeg,6ab8d109cb7346a8457f8da5f41dc694.jpg,2300x3450,2300,3450,Vlado Paunovic,Pexels API
Modern Architecture,https://images.pexels.com/photos/323780/pexels-photo-323780.jpeg,733c502e85113bbade6f524701cc5275.jpg,5264x3393,5264,3393,Expect Best,Pexels API
Modern Architecture,https://images.pexels.com/photos/2347102/pexels-photo-2347102.jpeg,29b97f166110eda7e03f1ab20ba1f2e3.jpg,2465x3697,2465,3697,Emiliano Fanti,Pexels API
Modern Architecture,https://images.pexels.com/photos/1029615/pexels-photo-1029615.jpeg,7f1599cd93d4e466f63e4f6bd627165e.jpg,6000x4000,6000,4000,Scott Webb,Pexels API
Modern Architecture,https://images.pexels.com/photos/3312671/pexels-photo-3312671.jpeg,88cfad5dc2f508bc180983c82af17165.jpg,6000x4000,6000,4000,Rok Romih,Pexels API
Modern Architecture,https://images.pexels.com/photos/1011665/pexels-photo-1011665.jpeg,e4831abe4b9fa9f5c5fdb12077ea2f8c.jpg,5616x3744,5616,3744,Marlene Leppänen,Pexels API
Modern Architecture,https://images.pexels.com/photos/3124079/pexels-photo-3124079.jpeg,2f808e37de9c638a03c2a45dfc0be307.jpg,3212x4819,3212,4819,Eduardo Romero,Pexels API
Modern Architecture,https://images.pexels.com/photos/534174/pexels-photo-534174.jpeg,d214fe830711006834262daf96a7128d.jpg,3543x2365,3543,2365,Pixabay,Pexels API
Modern Architecture,https://images.pexels.com/photos/3685203/pexels-photo-3685203.jpeg,b799b48ec130a66ad5c1284bb82d2b6a.jpg,4160x6240,4160,6240,Mitchell Luo,Pexels API
Modern Architecture,https://images.pexels.com/photos/1797382/pexels-photo-1797382.jpeg,ca7b08c083cc8e786697b105bb6b9e4c.jpg,6000x4000,6000,4000,Alexander Isreb,Pexels API
Modern Architecture,https://images.pexels.com/photos/1838640/pexels-photo-1838640.jpeg,8e4cbdbc7621db578c6cc86d7c94d148.jpg,4000x5806,4000,5806,Zachary DeBottis,Pexels API
Modern Architecture,https://images.pexels.com/photos/1632788/pexels-photo-1632788.jpeg,2d0ccb71d0efa8039159d92a0cc2f7ce.jpg,6000x4000,6000,4000,Johannes Plenio,Pexels API
Modern Architecture,https://images.pexels.com/photos/2526491/pexels-photo-2526491.jpeg,a48d66af5803b4b71161348fc51b5054.jpg,3648x4560,3648,4560,Yoss Traore,Pexels API
Modern Architecture,https://images.pexels.com/photos/327482/pexels-photo-327482.jpeg,0ac681066856708eab4a71b68be2157c.jpg,2782x1455,2782,1455,Pixabay,Pexels API
Modern Architecture,https://images.pexels.com/photos/2081170/pexels-photo-2081170.jpeg,9a5a5b4e9cf843f0d459681241ba7568.jpg,6927x4716,6927,4716,David Yu,Pexels API
Modern Architecture,https://images.pexels.com/photos/2418357/pexels-photo-2418357.jpeg,f057f51251dbb6670cd7592fa2e2f422.jpg,3024x4032,3024,4032,Michael Giugliano,Pexels API
Modern Architecture,https://images.pexels.com/photos/3137051/pexels-photo-3137051.jpeg,37d0434426967f3079aefce0d4a5c4b3.jpg,4000x6000,4000,6000,Adrien Olichon,Pexels API
Modern Architecture,https://images.pexels.com/photos/1427531/pexels-photo-1427531.jpeg,fccbc0c9126e645af9c6ff720235bdc1.jpg,2592x3872,2592,3872,Samuel Wölfl,Pexels API
Modern Architecture,https://images.pexels.com/photos/417339/pexels-photo-417339.jpeg,2c30e3f0e1dc7a0b1485872b99ca1cca.jpg,2244x3846,2244,3846,Pixabay,Pexels API
Modern Architecture,https://images.pexels.com/photos/3694710/pexels-photo-3694710.jpeg,362c744c4a47dd2ac5ee7f5daf833fba.jpg,4160x6240,4160,6240,Mitchell Luo,Pexels API
Modern Architecture,https://images.pexels.com/photos/2083961/pexels-photo-2083961.jpeg,f81536346a201aba14f7ef51d83ca532.jpg,3251x4877,3251,4877,Eduardo Romero,Pexels API
Modern Architecture,https://images.pexels.com/photos/30977249/pexels-photo-30977249.jpeg,d12c27eaacf99654fc9c76c389e84ea0.jpg,1951x2438,1951,2438,Valentin,Pexels API
Modern Architecture,https://images.pexels.com/photos/1115804/pexels-photo-1115804.jpeg,47bbadd9ee5bf1bc34cd55cde64cc6d2.jpg,3024x3024,3024,3024,Pixasquare Studio,Pexels API
Modern Architecture,https://images.pexels.com/photos/2479178/pexels-photo-2479178.jpeg,6231f14f97e98d50ce8feb19af01ff90.jpg,3919x4899,3919,4899,Alex Fu,Pexels API
Modern Architecture,https://images.pexels.com/photos/2450885/pexels-photo-2450885.jpeg,0d63f527d41a9145de57cfdcc9b2a39b.jpg,3264x4896,3264,4896,Henry  & Co.,Pexels API
Modern Architecture,https://images.pexels.com/photos/2739074/pexels-photo-2739074.jpeg,b1a8d3a5c69d3e0515298044206139b5.jpg,3882x4852,3882,4852,Guillaume Meurice,Pexels API
Modern Architecture,https://images.pexels.com/photos/1795985/pexels-photo-1795985.jpeg,ce5c645478a6eb1629d8a5e427bc27d0.jpg,2736x3648,2736,3648,Sam Rankin,Pexels API
Modern Architecture,https://images.pexels.com/photos/2537112/pexels-photo-2537112.jpeg,33497f5a4e0b1b41596cc71d5b6daa61.jpg,1654x3000,1654,3000,Aleksandar Pasaric,Pexels API
Modern Architecture,https://images.pexels.com/photos/1870768/pexels-photo-1870768.jpeg,1d71000f15731fc4919fb90c8dd4a157.jpg,4000x6000,4000,6000,Francesco Ungaro,Pexels API
